git mv,01_ReferenceLibrary/97_Legacy-Migration-Archive/03_Development/ReadMe.md,01_ReferenceLibrary/03_Development/ReadMe.md
git mv,01_ReferenceLibrary/97_Legacy-Migration-Archive/03_Development/SystemDesign/1_ReadMe.md,01_ReferenceLibrary/03_Development/SystemDesign/1_ReadMe.md
git mv,01_ReferenceLibrary/97_Legacy-Migration-Archive/04_AI/GenerativeAI/ReadMe.md,01_ReferenceLibrary/04_AI/GenerativeAI/ReadMe.md
git mv,01_ReferenceLibrary/97_Legacy-Migration-Archive/04_AI/MLFoundations/ReadMe.md,01_ReferenceLibrary/04_AI/MLFoundations/ReadMe.md
git mv,01_ReferenceLibrary/97_Legacy-Migration-Archive/04_AI/ReadMe.md,01_ReferenceLibrary/04_AI/ReadMe.md
git mv,01_ReferenceLibrary/97_Legacy-Migration-Archive/04_AI/SystemDesign/1_ReadMe.md,01_ReferenceLibrary/04_AI/SystemDesign/1_ReadMe.md
git mv,01_ReferenceLibrary/97_Legacy-Migration-Archive/06_Cloud/AWS/ReadMe.md,01_ReferenceLibrary/06_Cloud/AWS/ReadMe.md
git mv,01_ReferenceLibrary/97_Legacy-Migration-Archive/06_Cloud/Azure/AI/ReadMe.md,01_ReferenceLibrary/06_Cloud/Azure/AI/ReadMe.md
git mv,01_ReferenceLibrary/97_Legacy-Migration-Archive/06_Cloud/Azure/AspireResourceNaming.md,01_ReferenceLibrary/06_Cloud/Azure/AspireResourceNaming.md
git mv,01_ReferenceLibrary/97_Legacy-Migration-Archive/06_Cloud/Azure/Azure_Cloud_Architecture_Guide.md,01_ReferenceLibrary/06_Cloud/Azure/Azure_Cloud_Architecture_Guide.md
git mv,01_ReferenceLibrary/97_Legacy-Migration-Archive/06_Cloud/Azure/Compute/ReadMe.md,01_ReferenceLibrary/06_Cloud/Azure/Compute/ReadMe.md
git mv,01_ReferenceLibrary/97_Legacy-Migration-Archive/06_Cloud/Azure/Integration/ReadMe.md,01_ReferenceLibrary/06_Cloud/Azure/Integration/ReadMe.md
git mv,01_ReferenceLibrary/97_Legacy-Migration-Archive/06_Cloud/Azure/Networking/ReadMe.md,01_ReferenceLibrary/06_Cloud/Azure/Networking/ReadMe.md
git mv,01_ReferenceLibrary/97_Legacy-Migration-Archive/06_Cloud/Azure/Patterns/GlobalSalesDataProcessing.md,01_ReferenceLibrary/06_Cloud/Azure/Patterns/GlobalSalesDataProcessing.md
git mv,01_ReferenceLibrary/97_Legacy-Migration-Archive/06_Cloud/Azure/Patterns/RadioStationWebApplication.md,01_ReferenceLibrary/06_Cloud/Azure/Patterns/RadioStationWebApplication.md
git mv,01_ReferenceLibrary/97_Legacy-Migration-Archive/06_Cloud/Azure/Patterns/WebAppWithPrivateNetworking.md,01_ReferenceLibrary/06_Cloud/Azure/Patterns/WebAppWithPrivateNetworking.md
git mv,01_ReferenceLibrary/97_Legacy-Migration-Archive/06_Cloud/Azure/ReadMe.md,01_ReferenceLibrary/06_Cloud/Azure/ReadMe.md
git mv,01_ReferenceLibrary/97_Legacy-Migration-Archive/06_Cloud/Azure/Security/ReadMe.md,01_ReferenceLibrary/06_Cloud/Azure/Security/ReadMe.md
git mv,01_ReferenceLibrary/97_Legacy-Migration-Archive/06_Cloud/Azure/Storage/ReadMe.md,01_ReferenceLibrary/06_Cloud/Azure/Storage/ReadMe.md
git mv,01_ReferenceLibrary/97_Legacy-Migration-Archive/06_Cloud/CloudNativeApplications/12-FactorApplications/ReadMe.md,01_ReferenceLibrary/06_Cloud/CloudNativeApplications/12-FactorApplications/ReadMe.md
git mv,01_ReferenceLibrary/97_Legacy-Migration-Archive/06_Cloud/CloudNativeApplications/AspirePatterns.md,01_ReferenceLibrary/06_Cloud/CloudNativeApplications/AspirePatterns.md
git mv,01_ReferenceLibrary/97_Legacy-Migration-Archive/06_Cloud/CloudNativeApplications/ReadMe.md,01_ReferenceLibrary/06_Cloud/CloudNativeApplications/ReadMe.md
git mv,01_ReferenceLibrary/97_Legacy-Migration-Archive/06_Cloud/GCP/ReadMe.md,01_ReferenceLibrary/06_Cloud/GCP/ReadMe.md
git mv,01_ReferenceLibrary/97_Legacy-Migration-Archive/06_Cloud/Hybrid/ReadMe.md,01_ReferenceLibrary/06_Cloud/Hybrid/ReadMe.md
git mv,01_ReferenceLibrary/97_Legacy-Migration-Archive/06_Cloud/ReadMe.md,01_ReferenceLibrary/06_Cloud/ReadMe.md
git mv,01_ReferenceLibrary/97_Legacy-Migration-Archive/06_Cloud/Security/ReadMe.md,01_ReferenceLibrary/06_Cloud/Security/ReadMe.md
git mv,01_ReferenceLibrary/97_Legacy-Migration-Archive/08_Projects/Daily/23Nov.md,01_ReferenceLibrary/08_Projects/Daily/23Nov.md
git mv,01_ReferenceLibrary/97_Legacy-Migration-Archive/08_Projects/Daily/24Nov.md,01_ReferenceLibrary/08_Projects/Daily/24Nov.md
git mv,01_ReferenceLibrary/97_Legacy-Migration-Archive/08_Projects/Daily/25Nov.md,01_ReferenceLibrary/08_Projects/Daily/25Nov.md
git mv,01_ReferenceLibrary/97_Legacy-Migration-Archive/08_Projects/Daily/MasterReadMe.md,01_ReferenceLibrary/08_Projects/Daily/MasterReadMe.md
git mv,01_ReferenceLibrary/97_Legacy-Migration-Archive/08_Projects/MeetingNotes/Daily/2025/01/03.md,01_ReferenceLibrary/08_Projects/MeetingNotes/Daily/2025/01/03.md
git mv,01_ReferenceLibrary/97_Legacy-Migration-Archive/08_Projects/MeetingNotes/Daily/2025/01/06.md,01_ReferenceLibrary/08_Projects/MeetingNotes/Daily/2025/01/06.md
git mv,01_ReferenceLibrary/97_Legacy-Migration-Archive/08_Projects/MeetingNotes/Daily/2025/01/07_CSInDepth.md,01_ReferenceLibrary/08_Projects/MeetingNotes/Daily/2025/01/07_CSInDepth.md
git mv,01_ReferenceLibrary/97_Legacy-Migration-Archive/08_Projects/MeetingNotes/Daily/2025/01/07.md,01_ReferenceLibrary/08_Projects/MeetingNotes/Daily/2025/01/07.md
git mv,01_ReferenceLibrary/97_Legacy-Migration-Archive/08_Projects/MeetingNotes/Daily/2025/01/08_Clean_Architecture_CQRS.md,01_ReferenceLibrary/08_Projects/MeetingNotes/Daily/2025/01/08_Clean_Architecture_CQRS.md
git mv,01_ReferenceLibrary/97_Legacy-Migration-Archive/08_Projects/MeetingNotes/Daily/2025/01/09_1.md,01_ReferenceLibrary/08_Projects/MeetingNotes/Daily/2025/01/09_1.md
git mv,01_ReferenceLibrary/97_Legacy-Migration-Archive/08_Projects/MeetingNotes/Daily/2025/01/09.md,01_ReferenceLibrary/08_Projects/MeetingNotes/Daily/2025/01/09.md
git mv,01_ReferenceLibrary/97_Legacy-Migration-Archive/08_Projects/MeetingNotes/Daily/2025/01/Clean_Architecture_CQRS.md,01_ReferenceLibrary/08_Projects/MeetingNotes/Daily/2025/01/Clean_Architecture_CQRS.md
git mv,01_ReferenceLibrary/97_Legacy-Migration-Archive/08_Projects/MeetingNotes/Daily/23Nov.md,01_ReferenceLibrary/08_Projects/MeetingNotes/Daily/23Nov.md
git mv,01_ReferenceLibrary/97_Legacy-Migration-Archive/08_Projects/MeetingNotes/Daily/24Nov.md,01_ReferenceLibrary/08_Projects/MeetingNotes/Daily/24Nov.md
git mv,01_ReferenceLibrary/97_Legacy-Migration-Archive/08_Projects/MeetingNotes/Daily/25Nov.md,01_ReferenceLibrary/08_Projects/MeetingNotes/Daily/25Nov.md
git mv,01_ReferenceLibrary/97_Legacy-Migration-Archive/08_Projects/MeetingNotes/Daily/MasterReadMe.md,01_ReferenceLibrary/08_Projects/MeetingNotes/Daily/MasterReadMe.md
git mv,01_ReferenceLibrary/97_Legacy-Migration-Archive/08_Projects/MeetingNotes/Daily/ReadMe.md,01_ReferenceLibrary/08_Projects/MeetingNotes/Daily/ReadMe.md
git mv,01_ReferenceLibrary/97_Legacy-Migration-Archive/08_Projects/MeetingNotes/ReadMe.md,01_ReferenceLibrary/08_Projects/MeetingNotes/ReadMe.md
git mv,01_ReferenceLibrary/97_Legacy-Migration-Archive/08_Projects/Projects/ReadMe.md,01_ReferenceLibrary/08_Projects/Projects/ReadMe.md
git mv,01_ReferenceLibrary/97_Legacy-Migration-Archive/09_Documentation/COMPLETE_LEARNING_PLAN.md,01_ReferenceLibrary/09_Documentation/COMPLETE_LEARNING_PLAN.md
git mv,01_ReferenceLibrary/97_Legacy-Migration-Archive/AGENT_EVOLUTION_TO_MERGE.md,01_ReferenceLibrary/AGENT_EVOLUTION_TO_MERGE.md
git mv,01_ReferenceLibrary/97_Legacy-Migration-Archive/Assessments/.keep,01_ReferenceLibrary/Assessments/.keep
git mv,01_ReferenceLibrary/97_Legacy-Migration-Archive/COMPLETE_LEARNING_PLAN.md,01_ReferenceLibrary/COMPLETE_LEARNING_PLAN.md
git mv,01_ReferenceLibrary/97_Legacy-Migration-Archive/CONSOLIDATED_STATUS.md,01_ReferenceLibrary/CONSOLIDATED_STATUS.md
git mv,01_ReferenceLibrary/97_Legacy-Migration-Archive/Data-Structures-Algorithms-Legacy/_shared/CodeTemplates/CodeExampleTemplates.md,01_ReferenceLibrary/Data-Structures-Algorithms-Legacy/_shared/CodeTemplates/CodeExampleTemplates.md
git mv,01_ReferenceLibrary/97_Legacy-Migration-Archive/Data-Structures-Algorithms-Legacy/_shared/LearningObjectivesTemplate.md,01_ReferenceLibrary/Data-Structures-Algorithms-Legacy/_shared/LearningObjectivesTemplate.md
git mv,01_ReferenceLibrary/97_Legacy-Migration-Archive/Data-Structures-Algorithms-Legacy/_shared/PhaseStructure.md,01_ReferenceLibrary/Data-Structures-Algorithms-Legacy/_shared/PhaseStructure.md
git mv,01_ReferenceLibrary/97_Legacy-Migration-Archive/Data-Structures-Algorithms-Legacy/CleanupCompleted.md,01_ReferenceLibrary/Data-Structures-Algorithms-Legacy/CleanupCompleted.md
git mv,01_ReferenceLibrary/97_Legacy-Migration-Archive/Data-Structures-Algorithms-Legacy/CurriculumIndex.md,01_ReferenceLibrary/Data-Structures-Algorithms-Legacy/CurriculumIndex.md
git mv,01_ReferenceLibrary/97_Legacy-Migration-Archive/Data-Structures-Algorithms-Legacy/DeepDiveDuplicateAnalysis.md,01_ReferenceLibrary/Data-Structures-Algorithms-Legacy/DeepDiveDuplicateAnalysis.md
git mv,01_ReferenceLibrary/97_Legacy-Migration-Archive/Data-Structures-Algorithms-Legacy/FinalDuplicateContentSummary.md,01_ReferenceLibrary/Data-Structures-Algorithms-Legacy/FinalDuplicateContentSummary.md
git mv,01_ReferenceLibrary/97_Legacy-Migration-Archive/Data-Structures-Algorithms-Legacy/GitHubRepoStructure/CODE_OF_CONDUCT.md,01_ReferenceLibrary/Data-Structures-Algorithms-Legacy/GitHubRepoStructure/CODE_OF_CONDUCT.md
git mv,01_ReferenceLibrary/97_Legacy-Migration-Archive/Data-Structures-Algorithms-Legacy/GitHubRepoStructure/CONTRIBUTING.md,01_ReferenceLibrary/Data-Structures-Algorithms-Legacy/GitHubRepoStructure/CONTRIBUTING.md
git mv,01_ReferenceLibrary/97_Legacy-Migration-Archive/Data-Structures-Algorithms-Legacy/GitHubRepoStructure/docs/curriculum-overview/objectives.md,01_ReferenceLibrary/Data-Structures-Algorithms-Legacy/GitHubRepoStructure/docs/curriculum-overview/objectives.md
git mv,01_ReferenceLibrary/97_Legacy-Migration-Archive/Data-Structures-Algorithms-Legacy/GitHubRepoStructure/docs/curriculum-overview/schedule.md,01_ReferenceLibrary/Data-Structures-Algorithms-Legacy/GitHubRepoStructure/docs/curriculum-overview/schedule.md
git mv,01_ReferenceLibrary/97_Legacy-Migration-Archive/Data-Structures-Algorithms-Legacy/GitHubRepoStructure/docs/instructor-guides/README.md,01_ReferenceLibrary/Data-Structures-Algorithms-Legacy/GitHubRepoStructure/docs/instructor-guides/README.md
git mv,01_ReferenceLibrary/97_Legacy-Migration-Archive/Data-Structures-Algorithms-Legacy/GitHubRepoStructure/docs/setup/environment-setup.md,01_ReferenceLibrary/Data-Structures-Algorithms-Legacy/GitHubRepoStructure/docs/setup/environment-setup.md
git mv,01_ReferenceLibrary/97_Legacy-Migration-Archive/Data-Structures-Algorithms-Legacy/GitHubRepoStructure/docs/student-resources/getting-started.md,01_ReferenceLibrary/Data-Structures-Algorithms-Legacy/GitHubRepoStructure/docs/student-resources/getting-started.md
git mv,01_ReferenceLibrary/97_Legacy-Migration-Archive/Data-Structures-Algorithms-Legacy/GitHubRepoStructure/LICENSE,01_ReferenceLibrary/Data-Structures-Algorithms-Legacy/GitHubRepoStructure/LICENSE
git mv,01_ReferenceLibrary/97_Legacy-Migration-Archive/Data-Structures-Algorithms-Legacy/GitHubRepoStructure/RepositoryStructure.md,01_ReferenceLibrary/Data-Structures-Algorithms-Legacy/GitHubRepoStructure/RepositoryStructure.md
git mv,01_ReferenceLibrary/97_Legacy-Migration-Archive/Data-Structures-Algorithms-Legacy/GitHubRepoStructure/templates/slides/README.md,01_ReferenceLibrary/Data-Structures-Algorithms-Legacy/GitHubRepoStructure/templates/slides/README.md
git mv,01_ReferenceLibrary/97_Legacy-Migration-Archive/Data-Structures-Algorithms-Legacy/MultiLanguageCurriculum.md,01_ReferenceLibrary/Data-Structures-Algorithms-Legacy/MultiLanguageCurriculum.md
git mv,01_ReferenceLibrary/97_Legacy-Migration-Archive/Data-Structures-Algorithms-Legacy/Templates/AssignmentTemplate.md,01_ReferenceLibrary/Data-Structures-Algorithms-Legacy/Templates/AssignmentTemplate.md
git mv,01_ReferenceLibrary/97_Legacy-Migration-Archive/Data-Structures-Algorithms-Legacy/Templates/LessonPlanTemplate.md,01_ReferenceLibrary/Data-Structures-Algorithms-Legacy/Templates/LessonPlanTemplate.md
git mv,01_ReferenceLibrary/97_Legacy-Migration-Archive/Data-Structures-Algorithms-Legacy/Templates/WorkshopSlideTemplate.md,01_ReferenceLibrary/Data-Structures-Algorithms-Legacy/Templates/WorkshopSlideTemplate.md
git mv,01_ReferenceLibrary/97_Legacy-Migration-Archive/Data-Structures-Algorithms-Legacy/WeeklyLessons/Week01-BigO-LessonPlan.md,01_ReferenceLibrary/Data-Structures-Algorithms-Legacy/WeeklyLessons/Week01-BigO-LessonPlan.md
git mv,01_ReferenceLibrary/97_Legacy-Migration-Archive/Foundation-Legacy/ArchitectsJourney/ACTION_TRACKER.md,01_ReferenceLibrary/Foundation-Legacy/ArchitectsJourney/ACTION_TRACKER.md
git mv,01_ReferenceLibrary/97_Legacy-Migration-Archive/Foundation-Legacy/ArchitectsJourney/KNOWLEDGE_BASE_COVERAGE_MAP.md,01_ReferenceLibrary/Foundation-Legacy/ArchitectsJourney/KNOWLEDGE_BASE_COVERAGE_MAP.md
git mv,01_ReferenceLibrary/97_Legacy-Migration-Archive/Foundation-Legacy/ArchitectsJourney/README.md,01_ReferenceLibrary/Foundation-Legacy/ArchitectsJourney/README.md
git mv,01_ReferenceLibrary/97_Legacy-Migration-Archive/Foundation-Legacy/ArchitectsJourney/START_HERE.md,01_ReferenceLibrary/Foundation-Legacy/ArchitectsJourney/START_HERE.md
git mv,01_ReferenceLibrary/97_Legacy-Migration-Archive/Foundation-Legacy/ArchitectsJourney/Week1/README.md,01_ReferenceLibrary/Foundation-Legacy/ArchitectsJourney/Week1/README.md
git mv,01_ReferenceLibrary/97_Legacy-Migration-Archive/Foundation-Legacy/Certifications/ReadMe.md,01_ReferenceLibrary/Foundation-Legacy/Certifications/ReadMe.md
git mv,01_ReferenceLibrary/97_Legacy-Migration-Archive/Foundation-Legacy/LeadArchitect/Lead_Architect_Basics.md,01_ReferenceLibrary/Foundation-Legacy/LeadArchitect/Lead_Architect_Basics.md
git mv,01_ReferenceLibrary/97_Legacy-Migration-Archive/Foundation-Legacy/LeadArchitect/ReadMe.md,01_ReferenceLibrary/Foundation-Legacy/LeadArchitect/ReadMe.md
git mv,01_ReferenceLibrary/97_Legacy-Migration-Archive/Foundation-Legacy/LeadArchitect/RoadMaptoLeadArchitect.md,01_ReferenceLibrary/Foundation-Legacy/LeadArchitect/RoadMaptoLeadArchitect.md
git mv,01_ReferenceLibrary/97_Legacy-Migration-Archive/Foundation-Legacy/ReadMe.md,01_ReferenceLibrary/Foundation-Legacy/ReadMe.md
git mv,01_ReferenceLibrary/97_Legacy-Migration-Archive/Planning-and-Development/01_Migration-Day-2-Summary.md,01_ReferenceLibrary/Planning-and-Development/01_Migration-Day-2-Summary.md
git mv,01_ReferenceLibrary/97_Legacy-Migration-Archive/Planning-and-Development/backlog/01_Active-Backlog.md,01_ReferenceLibrary/Planning-and-Development/backlog/01_Active-Backlog.md
git mv,01_ReferenceLibrary/97_Legacy-Migration-Archive/Planning-and-Development/conferences/01_AI-Agent-Conference-Plan.md,01_ReferenceLibrary/Planning-and-Development/conferences/01_AI-Agent-Conference-Plan.md
git mv,01_ReferenceLibrary/97_Legacy-Migration-Archive/Planning-and-Development/conferences/07092025_AI-Agent-Conference-Plan.md,01_ReferenceLibrary/Planning-and-Development/conferences/07092025_AI-Agent-Conference-Plan.md
git mv,01_ReferenceLibrary/97_Legacy-Migration-Archive/Planning-and-Development/content-intake/INTAKE.md,01_ReferenceLibrary/Planning-and-Development/content-intake/INTAKE.md
git mv,01_ReferenceLibrary/97_Legacy-Migration-Archive/Planning-and-Development/content-intake/README.md,01_ReferenceLibrary/Planning-and-Development/content-intake/README.md
git mv,01_ReferenceLibrary/97_Legacy-Migration-Archive/Planning-and-Development/course-development/07092025_AI-Agent-Conference-Plan.md,01_ReferenceLibrary/Planning-and-Development/course-development/07092025_AI-Agent-Conference-Plan.md
git mv,01_ReferenceLibrary/97_Legacy-Migration-Archive/Planning-and-Development/course-development/07092025_SOLID-Principles-Video-Courses.md,01_ReferenceLibrary/Planning-and-Development/course-development/07092025_SOLID-Principles-Video-Courses.md
git mv,01_ReferenceLibrary/97_Legacy-Migration-Archive/Planning-and-Development/course-development/18Jul2025_DemoIdeas.md,01_ReferenceLibrary/Planning-and-Development/course-development/18Jul2025_DemoIdeas.md
git mv,01_ReferenceLibrary/97_Legacy-Migration-Archive/Planning-and-Development/course-development/Q4-2025_Personal-Achievements-Restart.md,01_ReferenceLibrary/Planning-and-Development/course-development/Q4-2025_Personal-Achievements-Restart.md
git mv,01_ReferenceLibrary/97_Legacy-Migration-Archive/Planning-and-Development/course-development/Week-01-OOP.md,01_ReferenceLibrary/Planning-and-Development/course-development/Week-01-OOP.md
git mv,01_ReferenceLibrary/97_Legacy-Migration-Archive/Planning-and-Development/course-development/Week-01-SOLID-Learning-Journey.md,01_ReferenceLibrary/Planning-and-Development/course-development/Week-01-SOLID-Learning-Journey.md
git mv,01_ReferenceLibrary/97_Legacy-Migration-Archive/Planning-and-Development/course-development/WEEK2-4_Planning_Outline.md,01_ReferenceLibrary/Planning-and-Development/course-development/WEEK2-4_Planning_Outline.md
git mv,01_ReferenceLibrary/97_Legacy-Migration-Archive/Planning-and-Development/README.md,01_ReferenceLibrary/Planning-and-Development/README.md
git mv,01_ReferenceLibrary/97_Legacy-Migration-Archive/ProcessDocs/CLEANUP_COMPLETE.md,01_ReferenceLibrary/ProcessDocs/CLEANUP_COMPLETE.md
git mv,01_ReferenceLibrary/97_Legacy-Migration-Archive/ProcessDocs/COMPLETE_LEARNING_PLAN.md,01_ReferenceLibrary/ProcessDocs/COMPLETE_LEARNING_PLAN.md
git mv,01_ReferenceLibrary/97_Legacy-Migration-Archive/ProcessDocs/COMPLETE_MASTERY_PATH.md,01_ReferenceLibrary/ProcessDocs/COMPLETE_MASTERY_PATH.md
git mv,01_ReferenceLibrary/97_Legacy-Migration-Archive/ProcessDocs/DEEP_DIVE_ANALYSIS.md,01_ReferenceLibrary/ProcessDocs/DEEP_DIVE_ANALYSIS.md
git mv,01_ReferenceLibrary/97_Legacy-Migration-Archive/ProcessDocs/ORGANIZATION_FINAL.md,01_ReferenceLibrary/ProcessDocs/ORGANIZATION_FINAL.md
git mv,01_ReferenceLibrary/97_Legacy-Migration-Archive/ProcessDocs/RESTRUCTURE_PLAN.md,01_ReferenceLibrary/ProcessDocs/RESTRUCTURE_PLAN.md
git mv,01_ReferenceLibrary/97_Legacy-Migration-Archive/ProcessDocs/SINGLE_README_CONSOLIDATION.md,01_ReferenceLibrary/ProcessDocs/SINGLE_README_CONSOLIDATION.md
git mv,01_ReferenceLibrary/97_Legacy-Migration-Archive/ProcessDocs/YOUR_COMPLETE_MASTERY_ACTION_PLAN.md,01_ReferenceLibrary/ProcessDocs/YOUR_COMPLETE_MASTERY_ACTION_PLAN.md
git mv,01_ReferenceLibrary/97_Legacy-Migration-Archive/QuickReference/README.md,01_ReferenceLibrary/QuickReference/README.md
git mv,01_ReferenceLibrary/97_Legacy-Migration-Archive/QuickReference/SOLID_PRINCIPLES_CHEAT_SHEET.md,01_ReferenceLibrary/QuickReference/SOLID_PRINCIPLES_CHEAT_SHEET.md
git mv,01_ReferenceLibrary/97_Legacy-Migration-Archive/ReadMe.md,01_ReferenceLibrary/ReadMe.md
git mv,01_ReferenceLibrary/97_Legacy-Migration-Archive/StudyGuides/.keep,01_ReferenceLibrary/StudyGuides/.keep
git mv,01_ReferenceLibrary/97_Legacy-Migration-Archive/Templates/.keep,01_ReferenceLibrary/Templates/.keep
git mv,01_ReferenceLibrary/97_Legacy-Migration-Archive/Todos/07092025_AI-Agent-Conference-Plan.md,01_ReferenceLibrary/Todos/07092025_AI-Agent-Conference-Plan.md
git mv,01_ReferenceLibrary/97_Legacy-Migration-Archive/Todos/07092025_OOP_DP.md,01_ReferenceLibrary/Todos/07092025_OOP_DP.md
git mv,01_ReferenceLibrary/97_Legacy-Migration-Archive/Todos/07092025_SOLID-Principles-Video-Courses.md,01_ReferenceLibrary/Todos/07092025_SOLID-Principles-Video-Courses.md
git mv,01_ReferenceLibrary/97_Legacy-Migration-Archive/Todos/18Jul2025_DemoIdeas.md,01_ReferenceLibrary/Todos/18Jul2025_DemoIdeas.md
git mv,01_ReferenceLibrary/97_Legacy-Migration-Archive/Todos/Backlog.md,01_ReferenceLibrary/Todos/Backlog.md
git mv,01_ReferenceLibrary/97_Legacy-Migration-Archive/Todos/Design-Principles-Complete-Guide.md,01_ReferenceLibrary/Todos/Design-Principles-Complete-Guide.md
git mv,01_ReferenceLibrary/97_Legacy-Migration-Archive/Todos/Q4-2025_Personal-Achievements-Restart.md,01_ReferenceLibrary/Todos/Q4-2025_Personal-Achievements-Restart.md
git mv,01_ReferenceLibrary/97_Legacy-Migration-Archive/Todos/Week-01-OOP.md,01_ReferenceLibrary/Todos/Week-01-OOP.md
git mv,01_ReferenceLibrary/97_Legacy-Migration-Archive/Todos/Week-01-SOLID-Learning-Journey.md,01_ReferenceLibrary/Todos/Week-01-SOLID-Learning-Journey.md
git mv,01_ReferenceLibrary/97_Legacy-Migration-Archive/Todos/WEEK2-4_Planning_Outline.md,01_ReferenceLibrary/Todos/WEEK2-4_Planning_Outline.md
git mv,01_ReferenceLibrary/97_Legacy-Migration-Archive/WEEK1_QUICK_START.md,01_ReferenceLibrary/WEEK1_QUICK_START.md
